activity_date,open,close,high,low,volume
2018-03-19,8.9081,8.7963,8.9241,8.6844,63122500
2018-03-20,8.8282,8.7803,8.8921,8.7643,45612800
2018-03-21,8.7883,8.8682,8.9401,8.7324,38551000
2018-03-22,8.7883,8.5885,8.8362,8.5726,51280900
2018-03-23,8.6205,8.4368,8.6365,8.3968,39950900
2018-03-26,8.5806,8.6525,8.6844,8.5326,52325500
2018-03-27,8.6684,8.6525,8.7244,8.5646,40677300
2018-03-28,8.6525,8.6764,8.7483,8.5726,42263700
2018-03-29,8.7324,8.8522,8.8921,8.7244,39864000
2018-04-02,8.8362,8.6764,8.8602,8.5486,43598100
2018-04-03,8.7963,8.9081,8.9321,8.7084,42523900
2018-04-04,8.6844,9.0519,9.0759,8.6285,44834600
2018-04-05,9.0599,9.0679,9.0919,8.9720,28755600
2018-04-06,9.0120,8.9321,9.0679,8.8442,31920700
2018-04-09,8.9880,8.9880,9.0919,8.9481,36462700
2018-04-10,9.1398,9.1478,9.2277,9.1158,43144300
2018-04-11,9.0919,9.1318,9.1798,9.0280,32979000
2018-04-12,9.1878,9.0360,9.2197,8.9880,47133700
2018-04-13,9.0679,9.0120,9.0999,8.9720,34598800
2018-04-16,9.0759,9.0919,9.1478,9.0040,32803300
2018-04-17,9.1318,9.0919,9.1478,9.0280,30906800
2018-04-18,9.0919,9.0519,9.1718,9.0280,46226100
2018-04-19,9.0519,8.8738,9.1086,8.7847,49154200
2018-04-20,8.9143,8.7605,8.9305,8.7281,44930000
2018-04-23,8.7767,8.9386,8.9386,8.7686,31936500
2018-04-24,8.9467,8.8738,9.0438,8.8495,39625000
2018-04-25,8.8738,8.9953,9.0357,8.8009,40356100
2018-04-26,9.2463,9.2543,9.3353,9.1410,80676800
2018-04-27,9.2301,9.3029,9.3596,9.2139,33375900
2018-04-30,9.3353,9.1005,9.4972,9.0843,66090900
2018-05-01,9.1086,9.1167,9.1896,8.9872,61430400
2018-05-02,9.1167,9.0762,9.1248,9.0034,41899500
2018-05-03,9.0438,9.0681,9.0762,8.8819,38907400
2018-05-04,9.0357,9.1977,9.2382,8.9791,32043500
2018-05-07,9.1977,9.1815,9.2624,9.1572,27510300
2018-05-08,9.1653,9.1248,9.2058,9.1005,25754100
2018-05-09,9.0762,8.9548,9.1329,8.9224,43732000
2018-05-10,8.9386,9.0762,9.1086,8.9224,32023800
2018-05-11,9.0843,9.0600,9.1086,9.0357,19837700
2018-05-14,9.0924,9.0519,9.1410,9.0438,27903100
2018-05-15,8.9872,9.0843,9.1086,8.9548,26950100
2018-05-16,9.0762,9.2301,9.2301,9.0681,28976700
2018-05-17,9.2301,9.2786,9.2948,9.2139,20741100
2018-05-18,9.2624,9.1734,9.2867,9.1491,23893700
2018-05-21,9.2462,9.3191,9.3515,9.2220,31011900
2018-05-22,9.3758,9.3272,9.4244,9.3191,22360900
2018-05-23,9.3110,9.2624,9.3515,9.1734,23595000
2018-05-24,9.2705,9.4082,9.4325,9.2624,34876300
2018-05-25,9.3596,9.3191,9.4001,9.2867,19337500
2018-05-29,9.3920,9.2624,9.4082,9.1977,31324300
2018-05-30,9.3353,9.3515,9.4001,9.2867,25554600
2018-05-31,9.4325,9.3515,9.5053,9.1977,61563200
2018-06-01,9.4487,9.4810,9.5296,9.4001,35406200
2018-06-04,9.5053,9.5053,9.5458,9.4649,25141300
2018-06-05,9.5053,9.5782,9.6106,9.4568,31036700
2018-06-06,9.6106,9.6916,9.7158,9.5701,31110500
2018-06-07,9.6916,9.7401,9.8373,9.6835,47314100
2018-06-08,9.7482,9.7968,9.8130,9.7158,28371900
2018-06-11,9.7968,9.7401,9.8373,9.7320,30398100
2018-06-12,9.7725,9.8049,9.8373,9.7401,51395400
2018-06-13,9.7968,9.7320,9.7968,9.6835,28406700
2018-06-14,9.7158,9.6268,9.7239,9.5863,34523000
2018-06-15,9.5863,9.6187,9.7401,9.5539,56326800
2018-06-18,9.5701,9.7078,9.7482,9.5620,32706500
2018-06-19,9.5701,9.6268,9.6268,9.4487,40064800
2018-06-20,9.6916,9.6106,9.7563,9.5782,31964800
2018-06-21,9.5539,9.4810,9.5782,9.4244,33316700
2018-06-22,9.5134,9.4325,9.6106,9.4082,36703500
2018-06-25,9.4163,9.3110,9.4487,9.2139,36101900
2018-06-26,9.3596,9.3272,9.4163,9.3029,36627700
2018-06-27,9.3434,9.2463,9.4244,9.2301,27242000
2018-06-28,9.2058,9.1329,9.2301,9.0276,43836400
2018-06-29,9.1653,8.9629,9.2058,8.9305,44718500
2018-07-02,8.9224,8.9872,8.9953,8.8333,37892800
2018-07-03,8.9872,8.8981,9.0276,8.8576,16544800
2018-07-05,8.9872,8.9467,9.0195,8.9224,32008500
2018-07-06,8.9386,8.9548,8.9872,8.8414,25646700
2018-07-09,8.9872,9.0681,9.1167,8.9305,23916800
2018-07-10,9.0681,9.1086,9.1167,9.0438,21231500
2018-07-11,9.0276,8.9629,9.0438,8.9467,30030100
2018-07-12,8.9872,8.9467,9.0195,8.9062,27025200
2018-07-13,8.9224,8.8900,8.9467,8.8333,36561500
2018-07-16,8.8657,8.7847,8.8819,8.7119,46156800
2018-07-17,8.7443,8.7928,8.8252,8.7443,37584300
2018-07-18,8.7847,8.8009,8.8252,8.7524,36420000
2018-07-19,8.8171,8.7605,8.8252,8.7200,40308800
2018-07-20,8.7687,8.6701,8.8015,8.6291,41531200
2018-07-23,8.6701,8.5962,8.6784,8.5552,34942000
2018-07-24,8.6291,8.6784,8.8179,8.6209,47303000
2018-07-25,8.4731,8.6373,8.6784,8.3089,92497700
2018-07-26,8.3253,8.1200,8.3417,8.0790,103893000
2018-07-27,8.1775,8.1529,8.2514,8.1365,46171100
2018-07-30,8.1775,8.2678,8.2925,8.1529,35877000
2018-07-31,8.3007,8.2432,8.3007,8.2104,38026900
2018-08-01,8.2596,8.1283,8.2760,8.0626,44126700
2018-08-02,8.1283,8.1447,8.1939,8.0790,40318900
2018-08-03,8.1529,8.2432,8.2596,8.1529,25925100
2018-08-06,8.2104,8.2350,8.2514,8.1857,22247900
2018-08-07,8.2432,8.2760,8.2925,8.2268,27961200
2018-08-08,8.2514,8.2514,8.2925,8.2432,22600900
2018-08-09,8.2596,8.1365,8.2678,8.1283,35682600
2018-08-10,8.1365,7.9969,8.1365,7.9805,39180500
2018-08-13,7.9969,7.7670,8.0051,7.7342,66586200
2018-08-14,7.8081,7.7998,7.8984,7.7588,37657400
2018-08-15,7.7670,7.7588,7.7998,7.6767,36298600
2018-08-16,7.7998,7.8081,7.8819,7.7916,28857700
2018-08-17,7.8245,7.8409,7.8819,7.7670,32742900
2018-08-20,7.8491,7.9805,7.9969,7.8491,25252500
2018-08-21,8.0215,8.0954,8.1283,7.9558,46413900
2018-08-22,8.0379,7.9558,8.0626,7.9476,30803700
2018-08-23,7.9394,7.9066,7.9558,7.8655,31511800
2018-08-24,7.9230,7.9476,7.9641,7.8902,18380000
2018-08-27,8.0051,8.2022,8.2432,7.9887,49769300
2018-08-28,8.2760,8.2186,8.2843,8.1693,33845500
2018-08-29,8.2186,8.1857,8.2268,8.1283,37336400
2018-08-30,8.1036,7.9641,8.1365,7.9394,48539300
2018-08-31,7.9148,7.7834,7.9476,7.7177,76424900
2018-09-04,7.8245,7.7752,7.8655,7.6849,54111100
2018-09-05,7.7752,7.7916,7.8409,7.6521,44561900
2018-09-06,7.7834,7.7424,7.8409,7.7177,29519100
2018-09-07,7.7260,7.6110,7.7916,7.5946,51229900
2018-09-10,7.6438,7.7013,7.7916,7.6356,30421700
2018-09-11,7.6767,7.6438,7.6849,7.5700,27158400
2018-09-12,7.6438,7.6685,7.7342,7.6192,25450000
2018-09-13,7.7013,7.6931,7.7260,7.6438,29315700
2018-09-14,7.7013,7.7588,7.7834,7.6849,30013300
2018-09-17,7.7506,7.8409,7.8819,7.7424,29544400
2018-09-18,7.8327,7.8655,7.8902,7.7834,57055400
2018-09-19,7.8902,8.0297,8.0708,7.8902,40111500
2018-09-20,8.0708,8.0544,8.1529,7.9723,46314400
2018-09-21,8.0790,8.0872,8.1611,8.0297,74488600
2018-09-24,8.0297,7.8737,8.0872,7.8163,43170800
2018-09-25,7.8245,7.7095,7.8491,7.6931,44406100
2018-09-26,7.7013,7.6110,7.7260,7.6110,58597500
2018-09-27,7.6356,7.5782,7.6603,7.5535,57272200
2018-09-28,7.5700,7.5946,7.6192,7.4632,30987200
2018-10-01,7.7424,7.6521,7.7506,7.6356,44864700
2018-10-02,7.6110,7.5535,7.6685,7.5371,41806400
2018-10-03,7.6110,7.4961,7.6438,7.4961,47023100
2018-10-04,7.4961,7.5125,7.5700,7.4632,38889600
2018-10-05,7.5125,7.4879,7.5700,7.4714,36952200
2018-10-08,7.4714,7.6028,7.6192,7.4632,43657700
2018-10-09,7.5782,7.3483,7.6438,7.3483,58356900
2018-10-10,7.3483,7.2415,7.3729,7.2333,54104100
2018-10-11,7.2415,7.2333,7.3811,7.1923,66170800
2018-10-12,7.3483,7.0938,7.3483,7.0199,59308500
2018-10-15,7.1184,7.2333,7.2662,7.1102,40183200
2018-10-16,7.2826,7.2251,7.2990,7.1676,36772000
2018-10-17,7.2251,7.1923,7.2744,7.0938,48795100
2018-10-18,7.1759,6.9870,7.1923,6.9788,59669200
2018-10-19,6.8310,6.9788,7.0034,6.7243,59831100
2018-10-22,7.0039,7.0290,7.0624,6.9119,39803500
2018-10-23,6.9370,7.1794,7.2212,6.8785,55443300
2018-10-24,7.1042,6.8367,7.1878,6.8284,58895100
2018-10-25,7.1209,7.5137,7.5221,7.0707,90399200
2018-10-26,7.4886,7.5054,7.5722,7.4051,100639800
2018-10-29,7.8230,7.7561,8.0152,7.6642,92275100
2018-10-30,7.7812,7.9065,7.9901,7.7477,58062000
2018-10-31,8.0403,7.9818,8.0820,7.8815,68507100
2018-11-01,7.9734,7.7644,7.9818,7.7394,59794400
2018-11-02,7.8230,7.8397,7.8982,7.7394,48499200
2018-11-05,7.8397,7.9650,7.9985,7.8146,41274300
2018-11-06,7.9065,7.9734,7.9985,7.8647,40928600
2018-11-07,8.0235,8.0235,8.0235,7.8982,37347400
2018-11-08,8.0068,7.9065,8.0653,7.8898,55810100
2018-11-09,7.8397,7.8397,8.1907,7.7477,52203600
2018-11-12,7.8397,7.9316,8.0068,7.8313,36317200
2018-11-13,7.9650,7.9734,8.0820,7.9149,33098000
2018-11-14,8.0486,7.9734,8.0820,7.8815,46677600
2018-11-15,7.9400,7.7812,7.9650,7.6224,57170100
2018-11-16,7.7561,7.5639,7.7812,7.5054,54582500
2018-11-19,7.5388,7.7310,7.8230,7.4886,56292500
2018-11-20,7.6056,7.5722,7.7059,7.5304,35159900
2018-11-21,7.5639,7.6140,7.6892,7.5054,25882700
2018-11-23,7.5806,7.6307,7.7059,7.5471,13520800
2018-11-26,7.7143,7.8564,7.9650,7.6642,46304400
2018-11-27,7.8313,7.7561,7.8815,7.7310,34283200
2018-11-28,7.7477,7.8647,7.8898,7.6642,33199500
2018-11-29,7.8313,7.8313,7.8898,7.7394,29207600
2018-11-30,7.8313,7.8647,7.9232,7.8230,36269500
2018-12-03,8.1155,8.0235,8.2325,8.0235,64668600
2018-12-04,7.9818,7.6725,8.0235,7.6725,57930300
2018-12-06,7.6224,7.5388,7.6224,7.4552,53963600
2018-12-07,7.5388,7.3716,7.6307,7.3549,43534800
2018-12-10,7.3800,7.1209,7.3967,7.0039,56499700
2018-12-11,7.2880,7.1376,7.3549,7.1042,42294500
2018-12-12,7.2212,7.2212,7.2964,7.1794,40602700
2018-12-13,7.2463,7.1042,7.2713,7.0707,34200400
2018-12-14,7.1209,7.1209,7.2546,7.0707,35613300
2018-12-17,7.0875,7.1042,7.2881,7.0290,44469900
2018-12-18,7.1460,7.0791,7.2546,7.0290,38263000
2018-12-19,7.0707,6.9537,7.2295,6.9119,75272900
2018-12-20,6.9621,6.9036,7.0373,6.8367,58926200
2018-12-21,6.8702,6.7281,7.0206,6.7197,57542300
2018-12-24,6.6946,6.3770,6.6946,6.3603,38709500
2018-12-26,6.4606,6.5609,6.5693,6.1932,58810000
2018-12-27,6.5358,6.5609,6.5609,6.2935,49813000
2018-12-28,6.5442,6.5275,6.7197,6.4857,47331700
2018-12-31,6.5609,6.3938,6.5693,6.2684,57816000
2019-01-02,6.2935,6.6027,6.7030,6.2517,47494400
2019-01-03,6.6612,6.5024,6.6779,6.5024,39172400
2019-01-04,6.6111,6.7531,6.7866,6.5609,43039800
2019-01-07,6.7782,6.9287,6.9955,6.7114,40729400
2019-01-08,7.0373,6.9955,7.1376,6.9788,45644000
2019-01-09,7.0624,7.2881,7.3298,6.9872,48404900
2019-01-10,7.2797,7.2463,7.3298,7.0624,39490400
2019-01-11,7.3298,7.3716,7.4636,7.2713,41559900
2019-01-14,7.3549,7.5137,7.5722,7.3215,44833800
2019-01-15,7.5388,7.3883,7.5471,7.3131,65311700
2019-01-16,7.2546,6.9287,7.3298,6.9036,73869900
2019-01-17,6.9119,6.9872,7.0540,6.8618,56722600
2019-01-18,7.0122,7.1710,7.1878,6.9621,51127900
2019-01-22,7.1376,7.1042,7.1961,7.0707,47182600
2019-01-23,7.1376,6.9705,7.1376,6.9203,45196900
2019-01-24,6.9537,7.1878,7.2546,6.8702,79516400
2019-01-25,7.3048,7.4051,7.4886,7.2964,53098800
2019-01-28,7.3549,7.2379,7.3549,7.1710,42116300
2019-01-29,7.2797,7.3215,7.3466,7.2045,30485000
2019-01-30,7.3640,7.4065,7.4150,7.2449,29906100
2019-01-31,7.3300,7.4830,7.5001,7.3130,39389100
2019-02-01,7.4575,7.4150,7.4916,7.3300,34124000
2019-02-04,7.3980,7.3980,7.3980,7.3045,28855600
2019-02-05,7.3810,7.4405,7.4490,7.3555,26166800
2019-02-06,7.4745,7.4150,7.5681,7.3810,32644300
2019-02-07,7.3300,7.0664,7.3300,7.0494,55161800
2019-02-08,7.0494,7.1344,7.1514,6.9388,38650100
2019-02-11,7.1514,7.0834,7.1769,7.0494,27403500
2019-02-12,7.1259,7.1939,7.2024,7.1259,26235100
2019-02-13,7.1854,7.1514,7.3640,7.1344,27182900
2019-02-14,7.1259,7.1599,7.2024,7.0749,23569900
2019-02-15,7.2194,7.2620,7.2790,7.1514,58080300
2019-02-19,7.2535,7.5086,7.5256,7.2535,37929200
2019-02-20,7.5086,7.6021,7.6361,7.5001,55316900
2019-02-21,7.6021,7.4065,7.6191,7.3980,44730400
2019-02-22,7.4235,7.4065,7.4405,7.2790,40947500
2019-02-25,7.4575,7.4490,7.5256,7.4405,56615400
2019-02-26,7.4405,7.5511,7.6021,7.4150,38348800
2019-02-27,7.5086,7.4660,7.5766,7.4660,34093300
2019-02-28,7.4575,7.4575,7.4745,7.3130,43960500
2019-03-01,7.5256,7.4745,7.5596,7.4065,37699500
2019-03-04,7.5086,7.4915,7.6276,7.4490,46196900
2019-03-05,7.4830,7.4575,7.4916,7.3980,40852600
2019-03-06,7.4405,7.2960,7.4660,7.2790,50378600
2019-03-07,7.2790,7.2109,7.2875,7.1004,54286000
2019-03-08,7.1429,7.1599,7.2024,7.0919,43766800
2019-03-11,7.1939,7.3215,7.3385,7.1854,36875300
2019-03-12,7.3555,7.2875,7.3980,7.2705,37805000
2019-03-13,7.3045,7.2535,7.3555,7.2279,49018700
2019-03-14,7.2449,7.1514,7.2705,7.1429,36307900
2019-03-15,7.1599,7.1684,7.2024,7.1174,66555500
2019-03-18,7.1854,7.2875,7.2875,7.1599,37198300
2019-03-19,7.3215,7.3980,7.5426,7.3215,57293600
2019-03-20,7.3725,7.2364,7.3725,7.2109,54539700
2019-03-21,7.2279,7.3895,7.3895,7.2194,46843100
2019-03-22,7.3385,7.2620,7.3725,7.2449,41964000
2019-03-25,7.2790,7.2364,7.3555,7.2024,45849500
2019-03-26,7.2620,7.4490,7.4490,7.2620,47852100
2019-03-27,7.4405,7.3300,7.5341,7.3300,39895800
2019-03-28,7.3555,7.4575,7.5086,7.3470,38914700
2019-03-29,7.4830,7.4660,7.5596,7.4065,33962800
2019-04-01,7.5341,7.6361,7.6531,7.5341,45653100
2019-04-02,7.6106,7.6616,7.6786,7.5766,30699400
2019-04-03,7.7126,7.7637,7.8827,7.7041,56663600
2019-04-04,7.8317,7.8572,7.9082,7.8062,39483100
2019-04-05,7.7977,7.8657,7.8827,7.7211,37854700
2019-04-08,7.8062,7.9082,7.9252,7.7977,26221100
2019-04-09,7.8827,7.8317,7.9592,7.7977,29879100
2019-04-10,7.8487,7.9337,7.9507,7.8232,28469500
2019-04-11,7.9507,7.9848,8.0018,7.9337,26488100
2019-04-12,8.0528,8.0358,8.1633,8.0273,38646000
2019-04-15,8.0613,7.9337,8.0783,7.8742,41206700
2019-04-16,7.9252,7.9592,7.9933,7.8572,40950000
2019-04-17,7.9933,8.0783,8.1463,7.9848,30688300
2019-04-18,8.0953,8.1208,8.1803,8.0613,29843000
2019-04-22,8.1463,8.0783,8.1463,8.0443,38718500
2019-04-23,8.0869,8.2079,8.2165,8.0351,39493700
2019-04-24,8.1647,8.2684,8.3029,8.1215,39796300
2019-04-25,8.2252,8.1215,8.2338,8.0696,52596700
2019-04-26,8.6658,8.9941,9.0287,8.5967,156136700
2019-04-29,8.9509,8.9164,8.9768,8.7004,62500500
2019-04-30,8.8904,9.0287,9.0719,8.8732,46079300
2019-05-01,9.0546,8.8991,9.0719,8.8904,41805500
2019-05-02,8.8991,8.9336,8.9423,8.8127,34508400
2019-05-03,8.9596,8.9941,9.0287,8.8991,36291200
2019-05-06,8.7436,8.9596,9.0028,8.7436,28640600
2019-05-07,8.9250,8.9682,8.9941,8.8991,41154500
2019-05-08,8.9682,8.9336,9.0287,8.9077,33472200
2019-05-09,8.8645,8.8127,8.8991,8.7004,43621300
2019-05-10,8.9164,8.9682,8.9941,8.8127,37629500
2019-05-13,8.7868,8.7090,8.8645,8.6744,51102100
2019-05-14,8.7695,8.8472,8.8904,8.7522,31297200
2019-05-15,8.8213,8.9509,8.9855,8.6744,44050200
2019-05-16,8.8991,8.9855,9.0200,8.8991,32697000
2019-05-17,8.9164,8.8904,9.0200,8.8472,34565400
2019-05-20,8.8991,8.8818,8.8991,8.8127,29535900
2019-05-21,8.9077,8.8472,8.9077,8.7695,30099300
2019-05-22,8.7868,8.6140,8.8213,8.5794,51407200
2019-05-23,8.5103,8.5103,8.5103,8.3548,43153800
2019-05-24,8.5708,8.4930,8.5967,8.4671,22131500
2019-05-28,8.5276,8.4498,8.5535,8.4412,27656200
2019-05-29,8.3720,8.3893,8.4239,8.2511,32262600
2019-05-30,8.4152,8.4152,8.5016,8.3634,24759600
2019-05-31,8.1906,8.2252,8.2424,8.0524,48250400
2019-06-03,8.3116,8.3029,8.3375,8.1733,39446800
2019-06-04,8.4066,8.5708,8.5967,8.3980,37324100
2019-06-05,8.5276,8.4498,8.5708,8.3375,42464800
2019-06-06,8.3980,8.4239,8.4844,8.3461,28291100
2019-06-07,8.4325,8.4325,8.4844,8.3807,18848700
2019-06-10,8.5448,8.4844,8.6658,8.4325,33883400
2019-06-11,8.5276,8.5708,8.6226,8.4584,26434200
2019-06-12,8.5535,8.5103,8.5794,8.5016,21746700
2019-06-13,8.5276,8.6917,8.6917,8.4671,25555900
2019-06-14,8.6485,8.6226,8.6744,8.5880,21553200
2019-06-17,8.6312,8.6831,8.7176,8.5880,19383800
2019-06-18,8.7090,8.7263,8.8127,8.6831,32591700
2019-06-19,8.7695,8.6744,8.7954,8.6658,29051300
2019-06-20,8.7522,8.6744,8.7695,8.5967,32086500
2019-06-21,8.6658,8.6312,8.6831,8.5621,47904000
2019-06-24,8.5967,8.5967,8.6572,8.5794,28091200
2019-06-25,8.6140,8.5016,8.6312,8.4930,28682000
2019-06-26,8.5276,8.5621,8.6053,8.4844,33739100
2019-06-27,8.6744,8.8127,8.8472,8.6399,42954600
2019-06-28,8.8127,8.8386,8.9077,8.8127,37551600
2019-07-01,8.9336,8.7695,9.0114,8.7004,38452600
2019-07-02,8.7695,8.7436,8.8213,8.6744,29708000
2019-07-03,8.7954,8.8127,8.8991,8.7522,19326600
2019-07-05,8.7954,8.8127,8.8732,8.7176,21397900
2019-07-08,8.8127,8.8127,8.8645,8.7954,23244100
2019-07-09,8.7868,8.7608,8.8040,8.7263,25140600
2019-07-10,8.8040,8.7349,8.8645,8.7349,29082200
2019-07-11,8.7695,8.8040,8.8127,8.7349,27667500
2019-07-12,8.8472,9.0632,9.0719,8.8472,40761600
2019-07-15,9.0632,9.0028,9.1237,8.9336,33753500
2019-07-16,8.9596,9.0805,9.0805,8.8904,29530500
2019-07-17,9.0546,8.9250,9.0719,8.9077,25204400
2019-07-18,8.8991,8.8645,8.9077,8.7954,25810600
2019-07-19,8.8991,8.8127,8.9164,8.8127,38505600
2019-07-22,8.8828,8.7864,8.9179,8.7688,36238600
2019-07-23,8.8828,8.9179,8.9617,8.8214,74624800
2019-07-24,8.9267,9.0582,9.0757,8.8916,61107500
2019-07-25,8.5496,8.3830,8.5759,8.2427,133898600
2019-07-26,8.4005,8.3918,8.4619,8.3392,47710200
2019-07-29,8.4181,8.4181,8.4882,8.3479,36487800
2019-07-30,8.3830,8.3742,8.4005,8.3129,36944700
2019-07-31,8.3918,8.3567,8.4005,8.2427,56715500
2019-08-01,8.3567,8.1638,8.4093,8.1375,58060800
2019-08-02,8.1199,8.1375,8.1901,8.0761,41495200
2019-08-05,8.0498,8.0936,8.1287,7.9446,47963400
2019-08-06,8.2602,8.3129,8.3392,8.2076,51856100
2019-08-07,8.2690,8.3567,8.3830,8.1726,43042400
2019-08-08,8.3830,8.3830,8.4356,8.3392,25469000
2019-08-09,8.3655,8.2865,8.4005,8.2339,38739700
2019-08-12,8.2339,8.1462,8.2690,8.1375,23050400
2019-08-13,8.1462,8.1199,8.2602,8.0498,28231500
2019-08-14,8.0059,7.8920,8.0235,7.8569,45967400
2019-08-15,7.9446,7.7692,7.9446,7.6990,40682800
2019-08-16,7.8218,7.8569,7.8920,7.7253,27369900
2019-08-19,7.9358,7.9183,7.9796,7.9095,21844000
2019-08-20,7.8920,7.8569,7.9533,7.8306,25108600
2019-08-21,7.9095,7.9270,7.9358,7.8656,20434800
2019-08-22,7.9358,7.9270,8.0147,7.9095,20974700
2019-08-23,7.8043,7.6903,7.8832,7.6552,44982300
2019-08-26,7.7867,7.7341,7.8130,7.7078,31888200
2019-08-27,7.7955,7.6815,7.8130,7.6727,23024400
2019-08-28,7.6464,7.8920,7.9270,7.6289,35147300
2019-08-29,7.9796,7.9972,8.0147,7.9183,22011000
2019-08-30,8.0323,8.0410,8.0936,7.9796,32057900
2019-09-03,8.0498,7.9796,8.0673,7.9270,26331000
2019-09-04,8.0410,8.0673,8.0936,7.9533,27406400
2019-09-05,8.1112,8.1901,8.2427,8.1112,36626800
2019-09-06,8.2164,8.1901,8.2515,8.0673,29210100
2019-09-09,8.2339,8.3655,8.4619,8.2339,48059400
2019-09-10,7.9621,8.2602,8.2602,7.9270,70567300
2019-09-11,8.1462,8.2602,8.2690,8.1462,34190300
2019-09-12,8.2076,8.2515,8.3129,8.1726,35687700
2019-09-13,8.3041,8.2865,8.4093,8.2778,27161300
2019-09-16,8.2076,8.1550,8.2866,8.1024,50052600
2019-09-17,8.1287,8.1375,8.1638,8.0498,27391200
2019-09-18,8.1199,8.1112,8.2076,8.0849,24309400
2019-09-19,8.1638,7.9796,8.1813,7.9796,28780700
2019-09-20,8.0059,8.0410,8.1550,7.9884,37491300
2019-09-23,8.0059,8.0323,8.0936,7.9621,22051100
2019-09-24,8.0586,7.9884,8.0936,7.9358,33092500
2019-09-25,7.9796,8.0673,8.0936,7.9709,20510300
2019-09-26,8.0936,8.0147,8.0936,7.9533,26556300
2019-09-27,8.0147,7.9621,8.4181,7.9446,32459500
2019-09-30,7.9884,8.0323,8.0761,7.9796,21510000
2019-10-01,8.0586,7.8043,8.1024,7.7780,39559500
2019-10-02,7.7604,7.5500,7.7692,7.4009,68137000
2019-10-03,7.4974,7.6377,7.6377,7.4097,40827900
2019-10-04,7.6464,7.6640,7.6815,7.5938,27827400
2019-10-07,7.6289,7.6113,7.7078,7.5500,29340400
2019-10-08,7.5850,7.4886,7.5938,7.4535,31091200
2019-10-09,7.5500,7.5061,7.5763,7.5061,16898500
2019-10-10,7.5237,7.5587,7.5850,7.4710,28069600
2019-10-11,7.6552,7.6990,7.7780,7.6552,34175700
2019-10-14,7.7341,7.7341,7.7516,7.6815,24794500
2019-10-15,7.7516,7.9533,7.9796,7.6990,29771700
2019-10-16,7.9884,7.9533,8.0586,7.9446,27190300
2019-10-17,7.9972,7.9884,8.0147,7.9183,28361200
2019-10-18,7.9709,8.1462,8.1726,7.9709,42422900
2019-10-21,8.1908,8.0482,8.2354,8.0304,33610200
2019-10-22,8.0304,8.0839,8.1462,7.9858,35878500
2019-10-23,8.0304,8.2086,8.2086,7.9947,44770400
2019-10-24,7.9056,7.6650,7.9234,7.6204,120395200
2019-10-25,7.7273,7.7719,7.7987,7.6828,51373600
2019-10-28,7.8076,7.6739,7.8076,7.6471,39635300
2019-10-29,7.6560,7.7006,7.7630,7.6560,36771800
2019-10-30,7.7006,7.6115,7.7006,7.5937,28685300
2019-10-31,7.6471,7.6560,7.6650,7.5758,29124100
2019-11-01,7.7006,7.9234,7.9591,7.7006,55354900
2019-11-04,7.9591,8.0215,8.0660,7.9591,46716500
2019-11-05,8.0393,8.0393,8.1552,8.0215,37569700
2019-11-06,8.0660,7.9502,8.0660,7.9234,39497700
2019-11-07,7.9858,7.9234,8.0304,7.9145,32640400
2019-11-08,7.9323,8.0571,8.0571,7.8610,29476800
2019-11-11,7.9769,8.0928,8.1106,7.9680,24846600
2019-11-12,8.0749,8.0571,8.1373,8.0571,28703900
2019-11-13,8.0215,7.8521,8.0215,7.8432,34491200
2019-11-14,7.8878,7.8343,7.9413,7.8254,26527800
2019-11-15,7.8878,7.9769,7.9858,7.8878,26416300
2019-11-18,8.0660,7.9769,8.0660,7.9234,38291400
2019-11-19,8.0126,7.9323,8.0215,7.9056,31168900
2019-11-20,7.9145,7.7808,7.9234,7.7363,38271500
2019-11-21,7.8165,7.7630,7.8343,7.7273,33161400
2019-11-22,7.8432,7.9234,7.9323,7.8165,34966700
2019-11-25,7.9323,8.0215,8.0304,7.9056,30580900
2019-11-26,8.0036,8.0304,8.0393,7.9413,30093800
2019-11-27,8.0482,8.1106,8.1552,8.0393,37396100
2019-11-29,8.0571,8.0749,8.1106,8.0482,13096200
2019-12-02,8.0928,8.0304,8.1462,8.0215,37232700
2019-12-03,7.9769,7.9234,7.9769,7.8432,40653100
2019-12-04,7.9769,7.9769,8.0482,7.9680,29982900
2019-12-05,7.9947,7.9591,8.0215,7.9145,25768600
2019-12-06,7.9858,8.0393,8.0839,7.9769,31086900
2019-12-09,7.9947,8.0304,8.0839,7.9858,21772900
2019-12-10,8.0393,8.0839,8.1106,7.9858,34217700
2019-12-11,8.0749,8.1195,8.1462,8.0749,33204200
2019-12-12,8.1195,8.3067,8.3423,8.1195,48390900
2019-12-13,8.3067,8.2265,8.3691,8.1908,35334500
2019-12-16,8.2354,8.3691,8.3691,8.2175,42337600
2019-12-17,8.3602,8.3691,8.3869,8.2978,35503900
2019-12-18,8.3691,8.5028,8.5295,8.3423,45905300
2019-12-19,8.5117,8.3869,8.5295,8.3602,42236000
2019-12-20,8.4671,8.4493,8.5028,8.4136,50191200
2019-12-23,8.4671,8.4136,8.5295,8.3780,54784400
2019-12-24,8.4136,8.4404,8.4582,8.4047,11881600
2019-12-26,8.4404,8.4225,8.4582,8.4047,28961300
2019-12-27,8.4225,8.3423,8.4315,8.3334,28272800
2019-12-30,8.3245,8.2443,8.3334,8.2265,36074900
2019-12-31,8.2443,8.2889,8.3156,8.2443,32342100
2020-01-02,8.2799,8.3958,8.3958,8.1908,43425700
2020-01-03,8.2978,8.2086,8.3512,8.1552,45040800
2020-01-06,8.1106,8.1641,8.1730,8.0749,43372300
2020-01-07,8.1997,8.2443,8.2443,8.1284,44984100
2020-01-08,8.2265,8.2443,8.2889,8.1730,45994900
2020-01-09,8.2889,8.2532,8.2978,8.1819,51817400
2020-01-10,8.2621,8.2443,8.3423,8.2443,39796300
2020-01-13,8.2443,8.2354,8.2532,8.1195,48553700
2020-01-14,8.2175,8.2799,8.3156,8.2086,42935600
2020-01-15,8.2621,8.1908,8.2889,8.1819,55923900
2020-01-16,8.2265,8.1730,8.2710,8.1552,44310400
2020-01-17,8.1908,8.1641,8.2265,8.1373,41644900
2020-01-21,8.1552,8.2086,8.2176,8.1106,49556400
2020-01-22,8.2176,8.1641,8.2443,8.1552,39914800
2020-01-23,8.1462,8.1462,8.1641,7.9591,75848700
2020-01-24,8.1195,8.0215,8.1284,7.9858,68100900
2020-01-27,7.9145,7.9234,7.9858,7.8254,60769300
2020-01-28,7.9680,7.9947,8.0215,7.8967,85163400
2020-01-29,8.0219,8.0310,8.1216,8.0129,59057400
2020-01-30,7.9857,8.0129,8.0129,7.9132,42827800
2020-01-31,7.9585,7.9947,8.0129,7.9222,59813700
2020-02-03,8.0219,8.1398,8.2848,8.0219,71405400
2020-02-04,8.2304,8.3210,8.3754,8.2213,86196400
2020-02-05,7.6231,7.5325,7.6865,7.4871,145792500
2020-02-06,7.5868,7.4781,7.5959,7.4781,68823400
2020-02-07,7.4418,7.3512,7.4418,7.2696,98256500
2020-02-10,7.3874,7.3058,7.3874,7.2968,71834900
2020-02-11,7.3421,7.3421,7.3874,7.3240,80164500
2020-02-12,7.3784,7.4690,7.5506,7.3693,111536800
2020-02-13,7.4418,7.4781,7.5778,7.4418,67648800
2020-02-14,7.4962,7.3421,7.4962,7.3240,46359700
2020-02-18,7.3602,7.3058,7.3874,7.2696,65094800
2020-02-19,7.3058,7.2515,7.3421,7.2515,69668200
2020-02-20,7.2515,7.2786,7.3149,7.2424,52318200
2020-02-21,7.2696,7.1517,7.2786,7.1517,58326300
2020-02-24,6.9795,6.8617,6.9977,6.8436,110048200
2020-02-25,6.9614,6.5535,6.9614,6.5444,108888300
2020-02-26,6.6170,6.5354,6.7620,6.5354,92469500
2020-02-27,6.4629,6.3178,6.5988,6.2725,118642400
2020-02-28,6.2000,6.3088,6.3088,6.0459,116490700
2020-03-02,6.4447,6.5263,6.5535,6.2363,96766000
2020-03-03,6.6079,6.3178,6.6532,6.2453,97457800
2020-03-04,6.4266,6.4175,6.4266,6.2725,70588100
2020-03-05,6.3088,6.1094,6.3178,6.0822,78070900
2020-03-06,5.9825,5.8827,6.0550,5.8012,109932200
2020-03-09,5.4114,5.3479,5.5655,5.3208,103901700
2020-03-10,5.6743,5.6743,5.7015,5.2573,101873600
2020-03-11,5.4930,5.3479,5.5383,5.3298,98587100
2020-03-12,4.8766,4.8494,5.1576,4.7134,89453100
2020-03-13,5.3208,5.1032,5.3479,4.6409,125375300
2020-03-16,4.5684,4.5412,4.7316,4.5322,110310900
2020-03-17,4.6047,4.5412,4.6591,4.2602,104233500
2020-03-18,4.3056,4.0789,4.3871,3.7164,125954700
2020-03-19,3.9249,4.0518,4.1515,3.7164,126603800
2020-03-20,4.1152,3.9249,4.3056,3.8523,129378600
2020-03-23,3.8705,3.6348,4.0971,3.5895,134925000
2020-03-24,4.0518,4.4868,4.5231,3.8614,146192100
2020-03-25,5.2301,4.8857,5.3208,4.6409,198999400
2020-03-26,4.8585,4.7588,5.1213,4.6772,138227600
2020-03-27,4.5956,4.7044,4.8041,4.4506,106324000
2020-03-30,4.6319,4.5594,4.6409,4.4687,97879700
2020-03-31,4.5594,4.3781,4.7044,4.3056,231800800
2020-04-01,4.1968,3.9883,4.3237,3.9520,119174500
2020-04-02,3.9792,3.9520,4.1424,3.8523,90891700
2020-04-03,3.9883,3.8433,4.0064,3.7798,85659900
2020-04-06,4.1152,4.1061,4.2330,3.9974,102205300
2020-04-07,4.3962,4.2693,4.5594,4.1968,115150400
2020-04-08,4.4053,4.5594,4.6137,4.3509,117022200
2020-04-09,4.9944,4.8675,5.2120,4.7497,175681700
2020-04-13,4.9219,4.6772,4.9219,4.5503,99320000
2020-04-14,4.7769,4.7950,4.9310,4.6772,74877000
2020-04-15,4.5865,4.5594,4.6591,4.4868,74727700
2020-04-16,4.5865,4.4778,4.5956,4.4325,58951200
2020-04-17,4.6863,4.6409,4.7860,4.5594,91989300
2020-04-20,4.5412,4.5140,4.6137,4.4506,71079400
2020-04-21,4.4325,4.3237,4.4596,4.2784,82400200
2020-04-22,4.4143,4.3237,4.4325,4.3056,62237200
2020-04-23,4.3509,4.4325,4.5140,4.3237,61959800
2020-04-24,4.4687,4.4143,4.4959,4.3509,54320400
2020-04-27,4.4506,4.6863,4.7044,4.4234,91082800
2020-04-28,4.9763,4.8766,5.0216,4.7316,106222800
2020-04-29,4.8313,4.7678,4.9854,4.7225,126393000
2020-04-30,4.6772,4.6137,4.7497,4.5865,93437900
2020-05-01,4.5503,4.4596,4.5775,4.4415,82660100
2020-05-04,4.4234,4.4053,4.5050,4.3237,84214700
2020-05-05,4.5231,4.5050,4.6137,4.4778,96301300
2020-05-06,4.5775,4.4143,4.6137,4.3690,89390400
2020-05-07,4.4415,4.4143,4.5140,4.3962,67222900
2020-05-08,4.4959,4.7497,4.7588,4.4868,101207100
2020-05-11,4.6953,4.6409,4.7044,4.5775,75734000
2020-05-12,4.6681,4.5140,4.7316,4.5050,70965200
2020-05-13,4.5322,4.2784,4.5412,4.2240,100192300
2020-05-14,4.2058,4.4325,4.4596,4.0971,108061100
2020-05-15,4.3509,4.4415,4.4778,4.3056,80544700
2020-05-18,4.6409,4.8132,4.8313,4.6409,136157700
2020-05-19,4.7769,4.8041,4.9401,4.6681,94836300
2020-05-20,4.8766,4.9763,5.0216,4.8675,87685400
2020-05-21,4.9401,5.1032,5.1576,4.9310,87098200
2020-05-22,5.1485,5.1213,5.1939,4.9854,76656500
2020-05-26,5.3661,5.2936,5.4295,5.2754,86046300
2020-05-27,5.4477,5.4658,5.5202,5.2936,110413900
2020-05-28,5.4839,5.3026,5.5020,5.2664,76930200
2020-05-29,5.2120,5.1757,5.2573,5.0488,92936300
2020-06-01,5.1939,5.3208,5.3298,5.1395,61879700
2020-06-02,5.4023,5.3479,5.4386,5.2845,80046000
2020-06-03,5.4295,5.6108,5.6833,5.3661,98876600
2020-06-04,5.6199,5.9553,5.9643,5.5474,115798600
2020-06-05,6.5626,6.6532,6.7982,6.3632,208648200
2020-06-08,6.8254,6.8254,7.0158,6.6804,113169300
2020-06-09,6.5444,6.5626,6.7439,6.3903,115749600
2020-06-10,6.6441,6.1728,6.6532,6.1365,147327100
2020-06-11,5.5020,5.5564,5.8556,5.4748,116184700
2020-06-12,5.9462,5.8556,6.0096,5.7105,88778000
2020-06-15,5.6017,5.8918,5.9643,5.5383,104742600
2020-06-16,6.2272,5.9371,6.2272,5.8374,109535200
2020-06-17,5.9462,5.7377,5.9462,5.7196,67831400
2020-06-18,5.6743,5.7377,5.8465,5.6108,61301800
2020-06-19,6.0187,5.6471,6.0640,5.6471,126127800
2020-06-22,5.6833,5.6924,5.6924,5.5564,71724300
2020-06-23,5.7377,5.5746,5.7830,5.5655,86672800
2020-06-24,5.4930,5.3933,5.5474,5.3117,75536300
2020-06-25,5.3117,5.4658,5.4839,5.2573,73612700
2020-06-26,5.4748,5.3570,5.5020,5.2664,118435400
2020-06-29,5.3570,5.4477,5.5020,5.2664,58208400
2020-06-30,5.4205,5.5111,5.5292,5.3479,61909300
2020-07-01,5.5292,5.4205,5.6017,5.3933,62454700
2020-07-02,5.5292,5.4839,5.5927,5.4386,67270500
2020-07-06,5.5655,5.6108,5.6199,5.5383,63921800
2020-07-07,5.5655,5.5474,5.6199,5.5202,56652000
2020-07-08,5.5564,5.5202,5.6018,5.4839,60928600
2020-07-09,5.5202,5.2936,5.5292,5.2754,82693000
2020-07-10,5.2573,5.5292,5.5292,5.2029,73710700
2020-07-13,5.5746,5.4930,5.6380,5.4839,80190700
2020-07-14,5.6017,5.7649,5.7921,5.5111,106131800
2020-07-15,5.9281,6.1094,6.1456,5.9099,101648700
2020-07-16,6.0368,6.2181,6.2544,6.0096,93498500
2020-07-17,6.2544,6.1637,6.2634,6.1003,80769000
2020-07-20,6.1637,6.0368,6.2091,5.9643,71361700
2020-07-21,6.0822,6.0550,6.1728,6.0187,63285100
2020-07-22,6.0187,6.2000,6.2363,5.9915,75629600
2020-07-23,6.2272,6.3269,6.3994,6.1637,88652600
2020-07-24,6.2544,6.2363,6.3541,6.2181,62292000
2020-07-27,6.2725,6.2816,6.2906,6.1365,60370200
2020-07-28,6.2544,6.3541,6.3903,6.2544,56312500
2020-07-29,6.3903,6.2725,6.3994,6.1909,59437200
2020-07-30,6.1094,6.1094,6.1909,6.0459,58991000
2020-07-31,6.2453,5.9915,6.2544,5.9099,115301700
2020-08-03,6.0278,6.0640,6.0912,5.9190,53845900
2020-08-04,6.2634,6.2181,6.2634,6.1003,69377600
2020-08-05,6.2181,6.3088,6.3722,6.2181,81728400
2020-08-06,6.2816,6.2816,6.3450,6.2453,48668500
2020-08-07,6.2272,6.2181,6.2725,6.1547,47480100
2020-08-10,6.2634,6.4266,6.4629,6.2634,57229000
2020-08-11,6.5354,6.5535,6.6895,6.5172,74016400
2020-08-12,6.6441,6.4447,6.6804,6.3994,59161400
2020-08-13,6.3722,6.3722,6.5082,6.3450,50066800
2020-08-14,6.3178,6.3813,6.4447,6.2816,43517700
2020-08-17,6.3903,6.3269,6.3994,6.2272,64555200
2020-08-18,6.3269,6.2453,6.3541,6.2453,40444200
2020-08-19,6.2453,6.2272,6.3632,6.2181,44158100
2020-08-20,6.1365,6.2000,6.2453,6.1003,41824500
2020-08-21,6.1456,6.0368,6.2091,6.0278,39158900
2020-08-24,6.1003,6.3269,6.3450,6.0640,64974700
2020-08-25,6.3541,6.2906,6.4357,6.2181,49550000
2020-08-26,6.2906,6.1819,6.3178,6.1365,48600100
2020-08-27,6.1909,6.2634,6.3269,6.1909,45740900
2020-08-28,6.2816,6.2906,6.2997,6.2181,39936900
2020-08-31,6.2544,6.1819,6.2816,6.1547,50089500
2020-09-01,6.1365,6.1909,6.2272,6.0912,48189900
2020-09-02,6.1728,6.2997,6.3178,6.1365,59008900
2020-09-03,6.2725,6.1819,6.4266,6.1275,78130900
2020-09-04,6.2181,6.2544,6.2997,6.1184,70017500
2020-09-08,6.1909,6.3722,6.4991,6.1728,84749300
2020-09-09,6.4085,6.3178,6.4357,6.2816,56501400
2020-09-10,6.3360,6.2634,6.3813,6.2272,69228600
2020-09-11,6.2906,6.3450,6.3450,6.2091,55080600
2020-09-14,6.3541,6.4538,6.5082,6.3269,58704300
2020-09-15,6.4901,6.3813,6.5082,6.3450,65198500
2020-09-16,6.3903,6.3632,6.4538,6.3360,46245800
2020-09-17,6.3813,6.5988,6.6532,6.3269,84850100
2020-09-18,6.6260,6.5535,6.7076,6.5444,71929400
2020-09-21,6.4266,6.2272,6.4266,6.1728,72850300
2020-09-22,6.2453,6.1456,6.3360,6.1365,55865500
2020-09-23,6.1728,6.0187,6.2816,6.0096,52588600
2020-09-24,5.9825,6.0368,6.1275,5.8102,59822900
2020-09-25,5.9915,5.9009,6.0822,5.8918,53761800
2020-09-28,5.9734,6.0640,6.1365,5.9643,47582600
2020-09-29,6.0640,5.9825,6.0731,5.9281,38987300
2020-09-30,5.9915,6.0368,6.1184,5.9734,55944600
2020-10-01,6.0822,6.1184,6.1365,6.0096,58340600
2020-10-02,6.0006,6.2453,6.2816,5.9825,60798400
2020-10-05,6.2997,6.3632,6.3903,6.2997,42359400
2020-10-06,6.3994,6.3269,6.5716,6.3088,78203800
2020-10-07,6.4447,6.5535,6.5716,6.3994,50664100
2020-10-08,6.6079,6.6623,6.6623,6.5263,54513300
2020-10-09,6.6713,6.5716,6.7439,6.5535,50977900
2020-10-12,6.6713,6.9523,7.1336,6.6441,97692900
2020-10-13,7.0883,7.0339,7.1427,6.9161,74562600
2020-10-14,7.0067,6.8617,7.0248,6.8436,57752100
2020-10-15,6.7257,6.9070,6.9070,6.6804,49336200
2020-10-16,6.9886,6.9523,7.0248,6.8979,47509400
2020-10-19,6.9614,6.8798,6.9977,6.8617,38960700
2020-10-20,6.9070,7.0158,7.1155,6.8708,63447000
2020-10-21,7.0430,7.1155,7.1427,7.0067,51981100
2020-10-22,7.1880,7.4418,7.4509,7.1517,74008500
2020-10-23,7.5234,7.3965,7.5687,7.3330,62249000
2020-10-26,7.2877,7.2786,7.3149,7.1971,62131000
2020-10-27,7.2605,7.1789,7.3330,7.1608,64154500
2020-10-28,6.9614,6.9795,7.1427,6.9161,82938300
2020-10-29,7.4055,7.1608,7.4690,7.1155,118999900
2020-10-30,7.1155,7.0067,7.1699,6.8979,79345600
2020-11-02,7.0974,6.9886,7.1246,6.9614,59962900
2020-11-03,7.0339,7.1427,7.1880,7.0067,65108800
2020-11-04,7.1246,6.9251,7.1336,6.9161,67326800
2020-11-05,7.0339,7.2424,7.2424,6.9886,61442600
2020-11-06,7.2605,7.0611,7.2696,7.0248,50912100
2020-11-09,7.3512,7.4327,7.5959,7.3240,110511300
2020-11-10,7.4599,7.5959,7.7863,7.4146,87468400
2020-11-11,7.7953,7.5506,7.7953,7.5143,75644400
2020-11-12,7.4871,7.4418,7.5143,7.3421,81064900
2020-11-13,7.4599,7.7409,7.7681,7.4599,79475100
2020-11-16,7.9222,7.9766,8.0219,7.8044,84853900
2020-11-17,7.8497,7.9313,8.0219,7.8225,46754500
2020-11-18,7.9947,7.9947,8.2032,7.9585,77759300
2020-11-19,8.0491,7.9947,8.0491,7.9222,56672700
2020-11-20,7.9857,7.9222,7.9947,7.8678,57024300
2020-11-23,7.9947,8.0310,8.1398,7.9585,71537100
2020-11-24,8.2939,8.5658,8.6111,8.2848,99520500
2020-11-25,8.3392,8.2304,8.3845,8.1579,95217800
2020-11-27,8.2667,8.2395,8.2848,8.1851,27853900
2020-11-30,8.3664,8.2304,8.3664,8.1398,77970100
2020-12-01,8.3029,8.3754,8.5205,8.3029,68863000
2020-12-02,8.3029,8.3392,8.3754,8.2304,48345000
2020-12-03,8.3936,8.3482,8.4479,8.2939,50302100
2020-12-04,8.3936,8.4661,8.5567,8.3754,48775500
2020-12-07,8.4389,8.3573,8.4570,8.2939,58305200
2020-12-08,8.3301,8.3845,8.4570,8.3120,56296700
2020-12-09,8.4389,8.5658,8.6020,8.4208,60780300
2020-12-10,8.4389,8.2667,8.4479,8.2485,83372800
2020-12-11,8.3301,8.1760,8.3301,8.1670,73438200
2020-12-14,8.2757,8.0763,8.3210,8.0491,76826000
2020-12-15,8.1851,8.2939,8.2939,8.1035,69606100
2020-12-16,8.3120,8.1941,8.3210,8.1307,55274500
2020-12-17,8.2395,8.2304,8.2757,8.1579,49301600
2020-12-18,8.2395,8.1126,8.2395,8.0763,78764600
2020-12-21,8.0401,8.0944,8.1670,7.9675,63908100
2020-12-22,8.1398,7.9675,8.1488,7.9313,59031200
2020-12-23,7.9947,8.1488,8.1851,7.9766,54086700
2020-12-24,8.1670,8.0310,8.1760,7.9766,27927000
2020-12-28,8.0854,8.0582,8.1398,8.0310,38068400
2020-12-29,8.0944,7.9947,8.0944,7.9585,37537900
2020-12-30,8.0038,8.0310,8.0854,7.9857,38461900
2020-12-31,8.0129,7.9675,8.0310,7.9585,40176500
2021-01-04,7.9857,7.7228,8.0129,7.6412,85043100
2021-01-05,7.6775,7.8406,7.9041,7.6684,70127800
2021-01-06,7.9675,8.0129,8.1035,7.8678,72590200
2021-01-07,8.1035,8.2123,8.2304,8.0491,77117100
2021-01-08,8.2485,8.1579,8.2848,8.0582,59162200
2021-01-11,8.0401,8.4298,8.4479,7.9947,95968300
2021-01-12,8.4298,8.8649,8.9012,8.4208,124808500
2021-01-13,8.9827,8.8649,8.9918,8.7380,89549300
2021-01-14,8.8921,9.2184,9.2456,8.8740,112695300
2021-01-15,9.1006,8.9102,9.1096,8.9012,99985000
2021-01-19,9.1187,9.0824,9.2547,9.0371,78732800
2021-01-20,9.2728,9.8439,9.8529,9.2365,125033200
2021-01-21,10.2246,10.4512,11.0131,10.0795,282394100
2021-01-22,10.5690,10.4421,10.5962,10.2789,130866600
2021-01-25,10.4149,10.2336,10.4421,9.8620,118954500
2021-01-26,10.2517,10.1430,10.4512,10.0795,66267500
2021-01-27,9.9889,9.7804,10.1248,9.6988,82863000
2021-01-28,9.8257,9.7170,10.0161,9.7079,77388700
2021-01-29,9.5991,9.5447,9.8257,9.4722,73925800
2021-02-01,9.6535,9.8167,10.3696,9.3906,157114400
2021-02-02,10.0977,9.8439,10.1520,9.7079,80440700
2021-02-03,9.8982,10.1520,10.2971,9.8257,82968600
2021-02-04,10.3333,10.3061,10.5327,10.1248,106845000
2021-02-05,10.6959,10.4330,10.7865,10.2427,113402100
2021-02-08,10.4421,10.4784,10.4965,10.2517,75756700
2021-02-09,10.4602,10.8137,10.9134,10.4149,102250800
2021-02-10,10.8772,10.6596,10.8953,10.4512,76282500
2021-02-11,10.5690,10.3786,10.6415,10.2517,55762900
2021-02-12,10.3515,10.3786,10.5327,10.3061,44401200
2021-02-16,10.4240,10.4602,10.6053,10.3152,48392100
2021-02-17,10.5237,10.4058,10.5237,10.3061,49554000
2021-02-18,10.3061,10.3605,10.4058,10.2427,37777100
2021-02-19,10.4421,10.4965,10.5055,10.3877,48615600
2021-02-22,10.4421,10.6053,10.8228,10.4240,62183000
2021-02-23,10.5055,10.5327,10.5599,10.0886,72904500
2021-02-24,10.5781,11.1219,11.2398,10.5509,95152800
2021-02-25,11.0766,10.6596,11.2398,10.6234,75249400
2021-02-26,10.7775,10.6053,10.8591,10.4602,69614500
2021-03-01,10.7593,10.8591,10.9497,10.6778,43172800
2021-03-02,10.9134,11.3757,11.6023,10.8228,104789000
2021-03-03,11.4301,11.0313,11.4301,11.0041,80169700
2021-03-04,11.0947,10.8137,11.2941,10.5418,88339600
2021-03-05,10.9316,11.1219,11.1400,10.5781,79345700
2021-03-08,11.2307,11.4664,11.6748,11.1491,86129700
2021-03-09,11.5661,11.3939,11.5661,11.2216,61568700
2021-03-10,11.5298,11.7020,11.7655,11.4392,62111200
2021-03-11,11.7292,11.6114,11.8380,11.5570,56536500
2021-03-12,11.5842,12.1190,12.1734,11.5751,87160100
2021-03-15,12.1371,11.9649,12.3456,11.8289,64476000
2021-03-16,11.8380,11.3213,11.9196,11.2670,125425300
2021-03-17,11.1854,11.5026,11.5117,11.0766,109324400
2021-03-18,11.5117,11.3213,11.7927,11.2760,76733300
2021-03-19,11.6477,11.6295,11.7383,11.3757,90885200
2021-03-22,11.6477,11.6477,11.7202,11.3395,81362100
2021-03-23,11.3939,11.0675,11.4936,10.9860,73020200
2021-03-24,11.2035,11.0041,11.3576,10.9860,54534400
2021-03-25,10.8228,11.1672,11.1944,10.6234,54201800
2021-03-26,11.2670,11.1491,11.3213,10.9316,49239800
2021-03-29,11.0585,11.0131,11.2035,10.9406,44747900
2021-03-30,11.0222,11.2941,11.3123,10.9769,49762300
2021-03-31,11.2941,11.1038,11.3667,11.0675,60456900
2021-04-01,11.1310,11.0313,11.1401,10.8953,61907500
2021-04-05,11.2307,11.5117,11.5842,11.1763,82332700
2021-04-06,11.5117,11.7111,11.7746,11.4573,67499400
2021-04-07,11.6658,11.5389,11.7202,11.4754,42264000
2021-04-08,11.4845,11.3395,11.5661,11.2669,52622000
2021-04-09,11.3213,11.3395,11.4392,11.2307,40555400
2021-04-12,11.3304,11.2216,11.3757,11.1672,40422800
2021-04-13,11.2307,11.0585,11.2851,10.9678,51556000
2021-04-14,11.0585,11.0947,11.3213,11.0585,49877500
2021-04-15,11.1491,11.0947,11.1672,10.9950,38209300
2021-04-16,11.1672,11.0857,11.2035,11.0494,33132900
2021-04-19,11.0766,10.9769,11.1038,10.8953,39063500
2021-04-20,10.9316,10.3786,10.9316,10.2880,83170800
2021-04-21,10.2971,10.6324,10.6415,10.1339,49641100
2021-04-22,10.9316,10.8228,11.0131,10.7231,73064400
2021-04-23,10.8500,11.0766,11.0947,10.7593,51833300
2021-04-26,11.1310,11.1219,11.2760,11.0857,40863800
2021-04-27,11.1400,11.3213,11.3304,11.1219,42037800
2021-04-28,11.4210,11.2670,11.4210,11.2307,68023400
2021-04-29,10.7956,10.2064,10.7956,10.0977,230430600
2021-04-30,10.2971,10.4602,10.4602,10.2699,90786500
2021-05-03,10.4784,10.5418,10.5871,10.3605,61987300
2021-05-04,10.4512,10.3424,10.4693,10.1792,71007700
2021-05-05,10.4240,10.5237,10.5509,10.3333,64495500
2021-05-06,10.4693,10.6415,10.6596,10.4058,50032800
2021-05-07,10.5599,10.7140,10.7231,10.4421,41525800
2021-05-10,10.6778,10.6143,10.8137,10.6053,51703500
2021-05-11,10.3786,10.4965,10.6596,10.3515,56882600
2021-05-12,10.4602,10.2699,10.5871,10.2246,55663100
2021-05-13,10.2971,10.4693,10.5871,10.2880,56598500
2021-05-14,10.5599,10.7322,10.7593,10.5327,48619200
2021-05-17,10.7140,11.0131,11.0403,10.6868,52201700
2021-05-18,11.1400,11.0041,11.3576,10.9950,72472900
2021-05-19,10.9044,10.9769,11.0675,10.7412,70220800
2021-05-20,11.3485,11.3213,11.5026,11.1491,106243900
2021-05-21,11.5117,12.0827,12.2096,11.3939,200958600
2021-05-24,12.1281,11.8380,12.1281,11.7111,111374300
2021-05-25,11.9015,11.6114,12.1734,11.6023,113383400
2021-05-26,11.9286,12.5994,12.6447,11.8743,227538700
2021-05-27,13.0345,13.4877,13.6418,12.7988,278939100
2021-05-28,13.6055,13.1705,13.6418,13.0617,152105300
2021-06-01,13.3427,13.4243,13.4515,13.1070,89071000
2021-06-02,13.5058,13.5149,13.6146,13.3064,77517200
2021-06-03,13.7324,14.4938,14.5573,13.5874,179671400
2021-06-04,14.8020,14.4757,14.9108,14.3216,151788000
2021-06-07,14.5120,14.3941,14.6842,14.1857,90915300
2021-06-08,14.2854,14.1675,14.3216,13.8956,93891100
2021-06-09,14.1403,14.0316,14.1585,13.9500,60079100
2021-06-10,14.1313,13.6962,14.3035,13.6690,78147500
2021-06-11,13.8684,13.8503,13.9862,13.7506,50613500
2021-06-14,13.8050,13.4786,13.8684,13.4333,82666000
2021-06-15,13.5149,13.5965,13.7415,13.3789,62612700
2021-06-16,13.6871,13.6146,13.8593,13.4877,69112900
2021-06-17,13.8684,13.3880,13.9591,13.2158,126653100
2021-06-18,13.1795,13.1614,13.3880,13.0889,76319700
2021-06-21,13.2611,13.3971,13.5058,13.1886,63385000
2021-06-22,13.6146,13.5149,13.6962,13.4333,65545900
2021-06-23,13.7234,13.9772,14.0769,13.6237,94985700
2021-06-24,14.0860,13.8322,14.0950,13.7324,79859800
2021-06-25,13.8140,13.7687,14.0678,13.7596,111760500
2021-06-28,13.7778,13.5602,13.7868,13.4424,79477400
2021-06-29,13.6418,13.6055,13.7778,13.4877,68208200
2021-06-30,13.5512,13.4696,13.6962,13.4243,72213500
2021-07-01,13.5149,13.5149,13.5693,13.4515,51112200
2021-07-02,13.5602,13.5330,13.6327,13.4424,43652000
2021-07-06,13.4786,13.1433,13.4877,13.0436,73990600
2021-07-07,13.0617,12.8985,13.1070,12.7082,72992500
2021-07-08,12.6538,12.7444,12.8985,12.4544,62706800
2021-07-09,13.0979,13.1251,13.2158,12.9348,65981200
2021-07-12,13.0164,13.2430,13.3608,12.9076,49205200
2021-07-13,13.1433,13.0707,13.2611,12.9620,45360600
2021-07-14,13.0798,12.9167,13.2611,12.8713,39056200
2021-07-15,12.8260,12.6991,12.9620,12.6357,44952300
2021-07-16,12.7988,12.3365,12.8169,12.3093,48065200
2021-07-19,12.0102,12.0374,12.0737,11.5933,99949200
2021-07-20,12.1190,12.6085,12.6538,12.0374,70731800
2021-07-21,12.7354,12.8623,12.9982,12.7172,53817500
2021-07-22,12.7626,12.6085,12.8169,12.4906,40440100
2021-07-23,12.6629,12.5269,12.7263,12.4453,37927900
2021-07-26,12.5994,12.7172,12.7626,12.5722,43838000
2021-07-27,12.6266,12.4997,12.6538,12.3728,41963200
2021-07-28,12.5631,12.5631,12.6810,12.3003,70653500
2021-07-29,13.1523,13.0436,13.4061,12.9620,111154800
2021-07-30,12.8985,12.6447,12.9620,12.5722,74955700
2021-08-02,12.7082,12.6085,12.9892,12.5813,64673700
2021-08-03,12.6629,12.7082,12.7626,12.3637,53257700
2021-08-04,12.5541,12.0737,12.6266,12.0555,81502700
2021-08-05,12.2731,12.4272,12.5269,12.1915,60524400
2021-08-06,12.5269,12.5088,12.6085,12.4453,44450600
2021-08-09,12.4362,12.4634,12.5269,12.2822,38760400
2021-08-10,12.4816,12.5269,12.6085,12.3819,32120800
2021-08-11,12.5631,12.6266,12.6447,12.3909,42795600
2021-08-12,12.6175,12.5994,12.7354,12.4997,38547900
2021-08-13,12.5813,12.3184,12.6447,12.2731,45118500
2021-08-16,12.2368,12.2006,12.2912,12.0737,38664300
2021-08-17,12.0737,11.7746,12.0827,11.6114,74625300
2021-08-18,11.7383,11.7836,11.9740,11.6930,50966700
2021-08-19,11.6023,11.4845,11.7111,11.3939,69038800
2021-08-20,11.4301,11.3939,11.4845,11.2216,53615600
2021-08-23,11.5208,11.5389,11.6477,11.3032,64573600
2021-08-24,11.6114,11.8561,11.9105,11.5661,53672500
2021-08-25,11.8924,11.9377,12.0374,11.8017,51195500
2021-08-26,11.8833,11.6930,11.9015,11.6114,57559800
2021-08-27,11.6839,12.0646,12.1190,11.6658,57587300
2021-08-30,12.1009,11.8289,12.1190,11.8108,42720100
2021-08-31,11.8017,11.8108,11.9105,11.7202,42212700
2021-09-01,11.8108,11.8833,11.9830,11.6930,58875700
2021-09-02,11.8652,11.7927,11.9740,11.7564,49053200
2021-09-03,11.7746,11.6839,11.8289,11.6658,41616700
2021-09-07,11.6295,11.7383,11.8199,11.6114,64008900
2021-09-08,11.7564,11.8108,11.9830,11.7020,57980900
2021-09-09,11.7383,11.5661,11.7383,11.5298,68806400
2021-09-10,11.6386,11.4936,11.7202,11.4754,48792500
2021-09-13,11.5661,11.7746,11.7746,11.4392,62270800
2021-09-14,11.7202,11.6567,11.8380,11.5933,47640800
2021-09-15,11.6839,11.9830,12.0102,11.6114,60282100
2021-09-16,11.9468,12.1462,12.2640,11.8743,76426100
2021-09-17,12.1553,12.2822,12.4181,12.1371,76182400
2021-09-20,11.8471,11.6205,11.9558,11.4482,126152200
2021-09-21,11.6839,11.5751,11.7564,11.4754,60473100
2021-09-22,11.7111,11.9921,12.1371,11.7020,75784000
2021-09-23,12.1009,12.4272,12.4544,12.0737,68708100
2021-09-24,12.3819,12.4906,12.6357,12.3637,57440200
2021-09-27,12.5903,12.8351,12.9529,12.5813,68769700
2021-09-28,13.2611,12.9710,13.3517,12.8985,107090900
2021-09-29,13.1070,12.9620,13.1433,12.8441,56805500
2021-09-30,12.9257,12.8351,12.9801,12.7716,78820500
2021-10-01,12.9257,12.8351,13.0254,12.6991,51880900
2021-10-04,12.9348,13.0073,13.4061,12.8895,78332500
2021-10-05,13.0889,12.9529,13.0889,12.7898,55915800
2021-10-06,12.8169,12.7988,12.9982,12.5903,61020300
2021-10-07,12.9982,13.4968,13.5512,12.9710,96557500
2021-10-08,13.5240,13.7053,14.0406,13.4605,99468900
2021-10-11,13.7778,13.6781,13.9228,13.5693,45302300
2021-10-12,13.6962,14.1766,14.2129,13.6055,89134000
2021-10-13,14.1313,14.0588,14.2219,13.8412,63363500
2021-10-14,14.1585,14.0044,14.1585,13.9319,50875100
2021-10-15,14.0860,14.2310,14.5301,14.0860,77211800
2021-10-18,14.1131,14.1041,14.1857,14.0406,48643800
2021-10-19,14.1403,13.9772,14.2219,13.9319,44668300
2021-10-20,13.9862,14.5392,14.6479,13.9319,105213700
2021-10-21,14.6479,15.0015,15.1374,14.6207,95855000
2021-10-22,14.8836,14.7567,14.9924,14.7114,60646800
2021-10-25,14.8655,14.5029,14.9561,14.3307,67808000
2021-10-26,14.5845,14.4485,14.7023,14.2310,64882300
2021-10-27,14.3126,14.0588,14.4304,14.0497,96094300
2021-10-28,15.2824,15.2824,15.9351,15.1465,215237600
2021-10-29,15.2824,15.4819,15.7357,15.0014,100560700
2021-11-01,15.8626,16.2705,16.2886,15.4728,125246500
2021-11-02,16.4517,16.3248,16.4880,16.0710,115146200
2021-11-03,16.2433,16.8868,17.0681,16.2070,104755500
2021-11-04,17.1497,17.6029,17.6754,16.9684,157505500
2021-11-05,17.8658,17.4851,17.8748,17.2131,122232200
2021-11-08,17.5848,18.2646,18.5093,17.4398,153490400
2021-11-09,18.5909,18.2374,18.5909,17.5938,164928500
2021-11-10,18.0199,17.5485,18.5547,17.2766,229109600
2021-11-11,17.8023,17.7207,17.9836,17.4579,96436500
2021-11-12,17.5667,17.6754,17.7842,17.4126,77837900
2021-11-15,17.6392,18.0017,18.0833,17.3491,84838600
2021-11-16,18.0380,17.9383,18.1830,17.7026,66557200
2021-11-17,17.8930,18.0924,18.1377,17.6210,80855200
2021-11-18,18.3657,17.8191,18.4568,17.6369,111368800
2021-11-19,17.8920,17.6642,17.9193,17.5276,64610400
2021-11-22,17.6642,18.6572,18.9396,17.5913,137861700
2021-11-23,18.6117,18.4021,18.7028,18.1926,90984500
2021-11-24,18.1926,18.4477,18.5297,18.0195,77324300
2021-11-26,17.9102,17.9922,18.0742,17.7371,49434000
2021-11-29,18.2837,17.9193,18.3930,17.7553,68778700
2021-11-30,17.8737,17.4820,18.1744,17.3363,103238400
2021-12-01,17.8829,17.8373,18.6481,17.7918,125295600
2021-12-02,17.7644,18.1015,18.3201,17.5640,94142300
2021-12-03,18.5570,17.4365,18.5843,17.2452,120275200
2021-12-06,17.5185,17.5093,17.7553,16.9536,88147400
2021-12-07,17.9011,18.1835,18.2746,17.7826,75885600
2021-12-08,18.3839,18.0468,18.3930,17.9922,63246800
2021-12-09,18.0013,17.8282,18.1562,17.8009,63357600
2021-12-10,18.0104,19.5409,19.5773,18.0013,169657200
2021-12-13,19.3496,18.6117,19.4042,18.3384,126632300
2021-12-14,18.0377,18.2655,18.3839,17.6551,124559700
2021-12-15,18.2108,18.3930,18.5206,17.8100,79679700
2021-12-16,18.7392,18.5388,19.2220,18.4568,107020900
2021-12-17,18.2473,18.0104,18.4386,17.8555,98710700
2021-12-20,17.7280,17.6915,17.8737,17.3545,74565600
2021-12-21,17.9922,17.8646,18.0286,17.6096,58930900
2021-12-22,17.8920,18.3475,18.5297,17.8920,75806400
2021-12-23,18.2928,18.4477,18.5934,18.2199,50610500
2021-12-27,18.4568,18.9487,19.0307,18.3110,59651800
2021-12-28,18.8212,18.9123,19.1856,18.7574,53020500
2021-12-29,18.8667,18.7301,18.9214,18.6299,37883000
2021-12-30,18.7574,18.6481,19.0945,18.6481,51470100
2021-12-31,18.6390,18.9214,19.1400,18.6390,51899600
2022-01-03,19.3769,19.8324,19.9326,19.1856,110449000
2022-01-04,20.5156,22.1463,22.3741,20.4245,311645200
2022-01-05,21.9186,21.5542,22.7294,21.3811,253540000
2022-01-06,21.9459,22.2830,22.4287,21.2809,155058800
2022-01-07,22.4743,22.2647,22.6929,21.9003,127017500
2022-01-10,21.9550,21.7273,22.2647,21.2718,122800700
2022-01-11,21.6635,22.1828,22.1828,21.2080,106011600
2022-01-12,22.4196,22.2921,22.6291,21.8730,104050000
2022-01-13,22.4469,22.7931,23.5675,22.2010,185780500
2022-01-14,22.2921,22.9480,23.0300,22.1372,146012200
2022-01-18,22.6565,22.2101,22.8933,22.1372,110518100
2022-01-19,22.4561,20.4519,22.7020,20.4154,153198200
2022-01-20,19.9326,19.7231,20.8436,19.6502,152014100
2022-01-21,19.3222,18.8121,19.5864,18.7119,145532900
2022-01-24,18.1562,18.5752,18.6481,17.1267,186674000
2022-01-25,18.2199,18.2017,18.5023,17.8191,116775800
2022-01-26,19.1400,18.1379,19.1674,17.8282,135786400
2022-01-27,18.5023,17.8100,18.8121,17.6824,105674400
2022-01-28,17.6909,17.8924,17.9015,17.3247,87677100
2022-01-31,17.9290,18.5883,18.6158,17.7367,91361900
2022-02-01,18.8722,18.9179,19.0919,18.2403,117651800
2022-02-02,19.0553,18.8905,19.2751,18.4784,95377600
2022-02-03,18.4693,18.2129,18.8813,18.1946,103016000
2022-02-04,16.9584,16.4456,17.0225,16.0427,211100500
2022-02-07,16.2350,16.3815,16.5921,16.2075,84610000
2022-02-08,16.0977,16.2258,16.3998,15.5849,142694300
2022-02-09,16.7295,16.8027,16.8760,16.5097,87118600
2022-02-10,16.4548,16.5555,17.0591,16.4090,76195300
2022-02-11,16.5738,16.0702,16.8119,15.9511,94534100
2022-02-14,16.0336,15.9878,16.2350,15.8321,78625000
2022-02-15,16.2991,16.5555,16.6013,16.2258,65883300
2022-02-16,16.3815,16.4914,16.6745,16.2442,57442100
2022-02-17,16.3540,16.0610,16.4273,16.0244,55368600
2022-02-18,16.1160,16.5189,16.9218,16.0885,106404200
2022-02-22,16.1801,15.8321,16.2625,15.6307,98550700
2022-02-23,16.0244,15.5208,16.2350,15.4567,79855400
2022-02-24,14.6417,15.7039,15.7405,14.6143,110443900
2022-02-25,15.7955,16.3266,16.3907,15.6764,78888000
2022-02-28,15.8779,16.0793,16.1892,15.7588,82367800
2022-03-01,15.9420,15.2919,15.9420,15.0629,94819500
2022-03-02,16.0244,16.5738,16.7112,15.8413,138638200
2022-03-03,16.7112,16.1160,16.7112,15.9695,95395500
2022-03-04,15.8870,15.4292,15.9237,15.2369,91304000
2022-03-07,15.4201,14.6234,15.4750,14.6234,87999200
